municipio,aproach,date,total_itens,tp_total,fn_total,fp_total,recall,precision,f1_score,median_duration_min,median_duration,max_duration,max_durationMin,median_num_access_node,mean_num_access_node,max_num_access_node,all_access_node,combination,tipo_exp
Alcantil,Bfs,2019-11-11T22:58:13Z,61,57,2,2,0.9661016949152542,0.9661016949152542,0.9661016949152542,25,1502113,1534798,26,9,9.754098360655737,13,595,Publicsoft,all_itens
Alcantil,Bfs,2019-11-28T02:39:38Z,61,57,2,2,0.9661016949152542,0.9661016949152542,0.9661016949152542,16,975013,1085532,18,15,13.672131147540984,17,834,Publicsoft,all_itens
Alcantil,Bfs,2019-12-10T03:04:49Z,61,57,2,2,0.9661016949152542,0.9661016949152542,0.9661016949152542,25,1510359,2182159,36,15,13.672131147540984,17,834,Publicsoft,all_itens
Alcantil,Dfs,2019-11-22T15:33:46Z,61,57,1,3,0.9827586206896551,0.95,0.9661016949152542,42,2522205,4835790,81,17,18.508196721311474,32,1129,Publicsoft,all_itens
Alcantil,Dfs,2019-11-30T03:37:54Z,61,57,1,3,0.9827586206896551,0.95,0.9661016949152542,28,1687224,2849091,47,16,14.37704918032787,20,877,Publicsoft,all_itens
Alcantil,Dfs,2019-12-05T12:49:13Z,61,57,1,3,0.9827586206896551,0.95,0.9661016949152542,26,1581066,2752716,46,16,14.37704918032787,20,877,Publicsoft,all_itens
Alcantil,Epsilon-greedy,2019-11-19T04:04:19Z,61,57,2,2,0.9661016949152542,0.9661016949152542,0.9661016949152542,25,1501074,3380140,56,9,10.065573770491802,22,614,Publicsoft,all_itens
Alcantil,Epsilon-greedy,2019-12-01T21:04:58Z,61,57,1,3,0.9827586206896551,0.95,0.9661016949152542,30,1793781,2324589,39,15,13.19672131147541,16,805,Publicsoft,all_itens
Alcantil,Epsilon-greedy,2019-12-04T03:28:19Z,61,57,1,3,0.9827586206896551,0.95,0.9661016949152542,25,1503753,2055796,34,15,13.098360655737705,16,799,Publicsoft,all_itens
Arara,Bfs,2019-11-02T19:43:10Z,61,48,9,4,0.8421052631578947,0.9230769230769231,0.8807339449541285,16,978487,7818163,130,13,16.60655737704918,75,1013,Elmar Tecnologia,all_itens
Arara,Bfs,2019-11-06T02:44:42Z,61,48,9,4,0.8421052631578947,0.9230769230769231,0.8807339449541285,18,1057375,9412012,157,16,22.868852459016395,89,1395,Elmar Tecnologia,all_itens
Arara,Bfs,2019-11-09T23:00:57Z,61,49,9,3,0.8448275862068966,0.9423076923076923,0.890909090909091,17,1031945,9799989,163,16,26.65573770491803,89,1626,Elmar Tecnologia,all_itens
Arara,Bfs,2019-11-28T02:39:38Z,61,52,6,3,0.896551724137931,0.9454545454545454,0.920353982300885,17,1019679,6794942,113,23,56.81967213114754,138,3466,Elmar Tecnologia,all_itens
Arara,Dfs,2019-11-04T01:03:50Z,61,48,9,4,0.8421052631578947,0.9230769230769231,0.8807339449541285,17,1026793,8751680,146,13,17.491803278688526,81,1067,Elmar Tecnologia,all_itens
Arara,Dfs,2019-11-13T03:47:52Z,61,49,9,3,0.8448275862068966,0.9423076923076923,0.890909090909091,19,1122500,10799630,180,15,28.75409836065574,95,1754,Elmar Tecnologia,all_itens
Arara,Dfs,2019-12-05T18:41:43Z,61,52,6,3,0.896551724137931,0.9454545454545454,0.920353982300885,22,1309698,17259134,288,24,85.24590163934427,180,5200,Elmar Tecnologia,all_itens
Arara,Dfs,2019-12-11T08:28:16Z,61,52,6,3,0.896551724137931,0.9454545454545454,0.920353982300885,21,1266582,16871943,281,24,81.22950819672131,179,4955,Elmar Tecnologia,all_itens
Arara,Epsilon-greedy,2019-11-01T23:51:14Z,61,48,9,4,0.8421052631578947,0.9230769230769231,0.8807339449541285,16,982682,7965763,133,13,16.80327868852459,75,1025,Elmar Tecnologia,all_itens
Arara,Epsilon-greedy,2019-11-11T14:33:27Z,61,49,9,3,0.8448275862068966,0.9423076923076923,0.890909090909091,18,1103218,7344291,122,16,26.950819672131146,74,1644,Elmar Tecnologia,all_itens
Arara,Epsilon-greedy,2019-12-04T01:01:00Z,61,52,6,3,0.896551724137931,0.9454545454545454,0.920353982300885,19,1151876,13751750,229,23,71.29508196721312,157,4349,Elmar Tecnologia,all_itens
Areia,Bfs,2019-11-12T02:01:45Z,61,49,5,4,0.9074074074074074,0.9245283018867925,0.9158878504672898,35,2127019,9872651,165,17,36.98360655737705,80,2256,Alfa Consultoria / Publicsoft,all_itens
Areia,Bfs,2019-12-06T17:02:30Z,61,53,3,2,0.9464285714285714,0.9636363636363636,0.9549549549549549,30,1823090,16624691,277,19,30.34426229508197,115,1851,Alfa Consultoria / Publicsoft,all_itens
Areia,Bfs,2019-12-09T15:08:05Z,61,53,3,2,0.9464285714285714,0.9636363636363636,0.9549549549549549,29,1739345,15717850,262,19,29.59016393442623,109,1805,Alfa Consultoria / Publicsoft,all_itens
Areia,Dfs,2019-12-01T21:04:40Z,61,52,3,2,0.9454545454545454,0.9629629629629629,0.9541284403669724,36,2157297,36705293,612,20,40.73770491803279,167,2485,Alfa Consultoria / Publicsoft,all_itens
Areia,Dfs,2019-12-03T00:30:13Z,61,52,3,2,0.9454545454545454,0.9629629629629629,0.9541284403669724,37,2234205,37711550,629,20,37.80327868852459,169,2306,Alfa Consultoria / Publicsoft,all_itens
Areia,Dfs,2019-12-05T03:35:46Z,61,52,3,2,0.9454545454545454,0.9629629629629629,0.9541284403669724,34,2020752,37685990,628,20,40.47540983606557,170,2469,Alfa Consultoria / Publicsoft,all_itens
Areia,Dfs,2019-12-09T15:08:18Z,61,52,3,2,0.9454545454545454,0.9629629629629629,0.9541284403669724,35,2128134,43263551,721,20,34.459016393442624,157,2102,Alfa Consultoria / Publicsoft,all_itens
Areia,Epsilon-greedy,2019-11-19T07:05:57Z,61,48,5,4,0.9056603773584906,0.9230769230769231,0.9142857142857143,36,2149379,18412504,307,17,45.114754098360656,97,2752,Alfa Consultoria / Publicsoft,all_itens
Areia,Epsilon-greedy,2019-12-01T21:04:58Z,61,52,3,2,0.9454545454545454,0.9629629629629629,0.9541284403669724,39,2349309,12986035,216,20,35.19672131147541,123,2147,Alfa Consultoria / Publicsoft,all_itens
Areia,Epsilon-greedy,2019-12-04T17:32:02Z,61,53,3,2,0.9464285714285714,0.9636363636363636,0.9549549549549549,34,2037501,17048948,284,20,31.360655737704917,117,1913,Alfa Consultoria / Publicsoft,all_itens
Areia,Epsilon-greedy,2019-12-09T15:08:27Z,61,52,3,2,0.9454545454545454,0.9629629629629629,0.9541284403669724,33,1950785,14718002,245,19,27.60655737704918,89,1684,Alfa Consultoria / Publicsoft,all_itens
Areia de Baraúnas,Bfs,2019-11-19T22:39:43Z,61,48,2,3,0.96,0.9411764705882353,0.9504950495049505,24,1430714,2640282,44,14,15.475409836065573,24,944,EasyWeb / Publicsoft / e-TICons,all_itens
Areia de Baraúnas,Bfs,2019-11-28T02:39:38Z,61,48,2,3,0.96,0.9411764705882353,0.9504950495049505,17,1038378,1142249,19,19,15.049180327868852,20,918,EasyWeb / Publicsoft / e-TICons,all_itens
Areia de Baraúnas,Bfs,2019-12-09T19:30:04Z,61,48,2,3,0.96,0.9411764705882353,0.9504950495049505,29,1767640,1814209,30,19,15.049180327868852,20,918,EasyWeb / Publicsoft / e-TICons,all_itens
Areia de Baraúnas,Dfs,2019-11-26T00:08:58Z,61,47,3,3,0.94,0.94,0.94,38,2308614,34259557,571,23,28.0327868852459,113,1710,EasyWeb / Publicsoft / e-TICons,all_itens
Areia de Baraúnas,Dfs,2019-12-05T01:16:05Z,61,43,14,0,0.7543859649122807,1,0.86,15,895841,2089232,35,13,12.311475409836065,23,751,EasyWeb / Publicsoft / e-TICons,all_itens
Areia de Baraúnas,Dfs,2019-12-05T01:16:06Z,61,43,14,0,0.7543859649122807,1,0.86,15,901113,2103946,35,13,12.311475409836065,23,751,EasyWeb / Publicsoft / e-TICons,all_itens
Areia de Baraúnas,Epsilon-greedy,2019-11-28T18:22:13Z,61,48,2,3,0.96,0.9411764705882353,0.9504950495049505,30,1803813,7686001,128,20,21.901639344262296,67,1336,EasyWeb / Publicsoft / e-TICons,all_itens
Areia de Baraúnas,Epsilon-greedy,2019-12-05T16:57:51Z,61,46,8,2,0.8518518518518519,0.9583333333333334,0.9019607843137256,14,813942,19504611,325,13,19.639344262295083,93,1198,EasyWeb / Publicsoft / e-TICons,all_itens
Areia de Baraúnas,Epsilon-greedy,2019-12-06T17:01:05Z,61,47,3,3,0.94,0.94,0.94,32,1893246,7704415,128,20,21.83606557377049,67,1332,EasyWeb / Publicsoft / e-TICons,all_itens
Areia de Baraúnas,Epsilon-greedy,2019-12-09T19:13:47Z,61,48,2,3,0.96,0.9411764705882353,0.9504950495049505,27,1625658,7354002,123,19,20.131147540983605,65,1228,EasyWeb / Publicsoft / e-TICons,all_itens
Barra de Santa Rosa,Bfs,2019-11-20T18:15:11Z,61,47,11,3,0.8103448275862069,0.94,0.8703703703703703,37,2200642,11697938,195,19,26.688524590163933,119,1628,Portal Próprio / Elmar Tecnologia,all_itens
Barra de Santa Rosa,Bfs,2019-12-06T19:04:44Z,61,47,11,3,0.8103448275862069,0.94,0.8703703703703703,21,1238753,10452041,174,16,27.83606557377049,131,1698,Portal Próprio / Elmar Tecnologia,all_itens
Barra de Santa Rosa,Bfs,2019-12-09T20:00:20Z,61,47,11,3,0.8103448275862069,0.94,0.8703703703703703,21,1273764,11302943,188,16,28.229508196721312,131,1722,Portal Próprio / Elmar Tecnologia,all_itens
Barra de Santa Rosa,Dfs,2019-11-25T19:31:26Z,61,45,11,5,0.8035714285714286,0.9,0.8490566037735849,38,2301975,11942393,199,21,31.80327868852459,139,1940,Portal Próprio / Elmar Tecnologia,all_itens
Barra de Santa Rosa,Dfs,2019-11-26T15:26:04Z,61,45,11,5,0.8035714285714286,0.9,0.8490566037735849,36,2166839,12748645,212,21,31.639344262295083,137,1930,Portal Próprio / Elmar Tecnologia,all_itens
Barra de Santa Rosa,Dfs,2019-12-05T03:53:56Z,61,45,11,5,0.8035714285714286,0.9,0.8490566037735849,32,1893435,10756866,179,21,31.639344262295083,137,1930,Portal Próprio / Elmar Tecnologia,all_itens
Barra de Santa Rosa,Epsilon-greedy,2019-11-27T17:24:57Z,61,46,11,4,0.8070175438596491,0.92,0.8598130841121495,24,1425274,13341285,222,16,28.327868852459016,131,1728,Portal Próprio / Elmar Tecnologia,all_itens
Barra de Santa Rosa,Epsilon-greedy,2019-12-04T20:06:22Z,61,45,13,3,0.7758620689655172,0.9375,0.8490566037735848,89,5324336,11507231,192,30,34.60655737704918,131,2111,Portal Próprio / Elmar Tecnologia,all_itens
Barra de Santa Rosa,Epsilon-greedy,2019-12-04T23:39:47Z,61,45,11,5,0.8035714285714286,0.9,0.8490566037735849,84,5031342,12912842,215,24,31.016393442622952,131,1892,Portal Próprio / Elmar Tecnologia,all_itens
Barra de Santa Rosa,Epsilon-greedy,2019-12-05T01:09:54Z,61,45,11,5,0.8035714285714286,0.9,0.8490566037735849,32,1900227,9762018,163,25,32.131147540983605,131,1960,Portal Próprio / Elmar Tecnologia,all_itens
Bayeux,Bfs,2019-11-20T20:55:18Z,61,49,6,6,0.8909090909090909,0.8909090909090909,0.8909090909090909,148,8866703,12961618,216,108,95.11475409836065,152,5802,e-TICons,all_itens
Bayeux,Bfs,2019-11-28T02:57:45Z,61,50,6,5,0.8928571428571429,0.9090909090909091,0.9009009009009009,25,1490724,3872762,65,47,42.91803278688525,98,2618,e-TICons,all_itens
Bayeux,Bfs,2019-12-09T23:08:44Z,61,51,6,4,0.8947368421052632,0.9272727272727272,0.9107142857142856,43,2600523,7898539,132,48,46.114754098360656,81,2813,e-TICons,all_itens
Bayeux,Dfs,2019-11-26T00:08:38Z,61,45,11,5,0.8035714285714286,0.9,0.8490566037735849,48,2895984,9243128,154,47,50.68852459016394,129,3092,e-TICons,all_itens
Bayeux,Dfs,2019-11-30T03:37:54Z,61,45,11,5,0.8035714285714286,0.9,0.8490566037735849,45,2687634,8729700,145,57,55.721311475409834,129,3399,e-TICons,all_itens
Bayeux,Dfs,2019-12-05T13:03:46Z,61,45,12,4,0.7894736842105263,0.9183673469387755,0.8490566037735849,41,2468595,8602666,143,53,54.67213114754098,129,3335,e-TICons,all_itens
Bayeux,Dfs,2019-12-10T03:31:32Z,61,41,16,4,0.7192982456140351,0.9111111111111111,0.803921568627451,64,3837652,4642858,77,68,50.90163934426229,77,3105,e-TICons,all_itens
Bayeux,Epsilon-greedy,2019-11-11T06:11:21Z,61,43,14,4,0.7543859649122807,0.9148936170212766,0.8269230769230769,17,1040770,3616637,60,16,19.770491803278688,52,1206,e-TICons,all_itens
Bayeux,Epsilon-greedy,2019-11-28T23:22:46Z,61,49,7,5,0.875,0.9074074074074074,0.8909090909090909,37,2210121,6227353,104,46,43.77049180327869,107,2670,e-TICons,all_itens
Bayeux,Epsilon-greedy,2019-12-04T03:29:05Z,61,51,5,5,0.9107142857142857,0.9107142857142857,0.9107142857142857,17,1023746,7242797,121,16,32.81967213114754,113,2002,e-TICons,all_itens
Bayeux,Epsilon-greedy,2019-12-09T21:16:22Z,61,51,6,4,0.8947368421052632,0.9272727272727272,0.9107142857142856,20,1177496,6485848,108,21,38.18032786885246,104,2329,e-TICons,all_itens
Belém do Brejo do Cruz,Bfs,2019-11-09T00:10:37Z,61,56,3,2,0.9491525423728814,0.9655172413793104,0.9572649572649573,26,1576025,1930901,32,9,12.278688524590164,17,749,Publicsoft,all_itens
Belém do Brejo do Cruz,Bfs,2019-11-28T05:16:09Z,61,56,3,2,0.9491525423728814,0.9655172413793104,0.9572649572649573,17,1016900,1145523,19,17,15.540983606557377,19,948,Publicsoft,all_itens
Belém do Brejo do Cruz,Bfs,2019-12-10T01:20:24Z,61,56,3,2,0.9491525423728814,0.9655172413793104,0.9572649572649573,28,1685547,2345220,39,17,15.540983606557377,19,948,Publicsoft,all_itens
Belém do Brejo do Cruz,Dfs,2019-11-13T00:38:02Z,61,56,2,3,0.9655172413793104,0.9491525423728814,0.9572649572649573,26,1547195,4052625,68,9,12.819672131147541,26,782,Publicsoft,all_itens
Belém do Brejo do Cruz,Dfs,2019-12-03T00:30:13Z,61,56,2,3,0.9655172413793104,0.9491525423728814,0.9572649572649573,33,2005299,3591023,60,18,16.39344262295082,24,1000,Publicsoft,all_itens
Belém do Brejo do Cruz,Dfs,2019-12-05T13:35:07Z,61,56,2,3,0.9655172413793104,0.9491525423728814,0.9572649572649573,30,1781061,3388024,56,18,16.39344262295082,24,1000,Publicsoft,all_itens
Belém do Brejo do Cruz,Dfs,2019-12-10T04:48:56Z,61,56,2,3,0.9655172413793104,0.9491525423728814,0.9572649572649573,30,1788341,3405141,57,18,16.39344262295082,24,1000,Publicsoft,all_itens
Belém do Brejo do Cruz,Epsilon-greedy,2019-11-11T06:09:52Z,61,56,3,2,0.9491525423728814,0.9655172413793104,0.9572649572649573,26,1563699,2722476,45,9,12.573770491803279,21,767,Publicsoft,all_itens
Belém do Brejo do Cruz,Epsilon-greedy,2019-11-19T03:30:36Z,61,56,3,2,0.9491525423728814,0.9655172413793104,0.9572649572649573,28,1660842,2022031,34,9,11.39344262295082,17,695,Publicsoft,all_itens
Belém do Brejo do Cruz,Epsilon-greedy,2019-12-04T04:02:36Z,61,56,2,3,0.9655172413793104,0.9491525423728814,0.9572649572649573,30,1820492,2293270,38,18,15.655737704918034,18,955,Publicsoft,all_itens
Belém do Brejo do Cruz,Epsilon-greedy,2019-12-09T23:04:31Z,61,53,6,2,0.8983050847457628,0.9636363636363636,0.9298245614035089,28,1686517,3166651,53,17,16.016393442622952,24,977,Publicsoft,all_itens
Bom Jesus,Bfs,2019-11-09T00:10:40Z,61,50,9,2,0.847457627118644,0.9615384615384616,0.9009009009009009,17,1039751,9728544,162,16,26.65573770491803,89,1626,Elmar Tecnologia,all_itens
Bom Jesus,Bfs,2019-11-28T02:58:43Z,61,53,6,2,0.8983050847457628,0.9636363636363636,0.9298245614035089,16,950754,5036851,84,25,60.16393442622951,122,3670,Elmar Tecnologia,all_itens
Bom Jesus,Bfs,2019-12-11T00:13:03Z,61,53,6,2,0.8983050847457628,0.9636363636363636,0.9298245614035089,19,1158687,14443320,241,24,57.98360655737705,163,3537,Elmar Tecnologia,all_itens
Bom Jesus,Dfs,2019-11-13T03:46:30Z,61,50,9,2,0.847457627118644,0.9615384615384616,0.9009009009009009,19,1115001,10593801,177,15,28.75409836065574,95,1754,Elmar Tecnologia,all_itens
Bom Jesus,Dfs,2019-11-30T03:37:54Z,61,53,6,2,0.8983050847457628,0.9636363636363636,0.9298245614035089,22,1296977,15764969,263,24,69.0327868852459,179,4211,Elmar Tecnologia,all_itens
Bom Jesus,Dfs,2019-12-05T14:03:54Z,61,53,6,2,0.8983050847457628,0.9636363636363636,0.9298245614035089,20,1221876,15922865,265,24,69.0327868852459,179,4211,Elmar Tecnologia,all_itens
Bom Jesus,Epsilon-greedy,2019-11-11T06:11:33Z,61,50,9,2,0.847457627118644,0.9615384615384616,0.9009009009009009,17,1001991,7429995,124,16,25.80327868852459,78,1574,Elmar Tecnologia,all_itens
Bom Jesus,Epsilon-greedy,2019-11-28T23:23:18Z,61,53,6,2,0.8983050847457628,0.9636363636363636,0.9298245614035089,19,1167108,13110056,219,23,56.80327868852459,157,3465,Elmar Tecnologia,all_itens
Bom Jesus,Epsilon-greedy,2019-12-04T04:40:51Z,61,53,6,2,0.8983050847457628,0.9636363636363636,0.9298245614035089,27,1603556,8619434,144,27,58.295081967213115,131,3556,Elmar Tecnologia,all_itens
Bom Sucesso,Bfs,2019-11-06T21:36:03Z,61,46,13,2,0.7796610169491526,0.9583333333333334,0.8598130841121496,6,389511,1171143,20,6,7.180327868852459,18,438,DC Soluções,all_itens
Bom Sucesso,Bfs,2019-11-07T00:45:23Z,61,46,13,2,0.7796610169491526,0.9583333333333334,0.8598130841121496,7,393761,1083316,18,6,7.573770491803279,18,462,DC Soluções,all_itens
Bom Sucesso,Bfs,2019-11-08T01:48:49Z,61,46,13,2,0.7796610169491526,0.9583333333333334,0.8598130841121496,7,438311,1257201,21,6,7.573770491803279,18,462,DC Soluções,all_itens
Bom Sucesso,Bfs,2019-11-10T19:09:48Z,61,47,13,1,0.7833333333333333,0.9791666666666666,0.8703703703703703,7,400720,1183404,20,6,7.573770491803279,18,462,DC Soluções,all_itens
Bom Sucesso,Bfs,2019-11-26T00:09:46Z,61,50,9,2,0.847457627118644,0.9615384615384616,0.9009009009009009,7,392823,1059254,18,6,7.180327868852459,12,438,DC Soluções,all_itens
Bom Sucesso,Dfs,2019-11-26T22:27:38Z,61,50,9,2,0.847457627118644,0.9615384615384616,0.9009009009009009,8,483763,1037658,17,7,7.590163934426229,12,463,DC Soluções,all_itens
Bom Sucesso,Dfs,2019-12-03T03:59:58Z,61,50,9,2,0.847457627118644,0.9615384615384616,0.9009009009009009,5,303797,820379,14,7,7.590163934426229,12,463,DC Soluções,all_itens
Bom Sucesso,Dfs,2019-12-05T23:24:27Z,61,50,9,2,0.847457627118644,0.9615384615384616,0.9009009009009009,5,298689,880632,15,7,7.590163934426229,12,463,DC Soluções,all_itens
Bom Sucesso,Epsilon-greedy,2019-11-12T04:32:26Z,61,47,13,1,0.7833333333333333,0.9791666666666666,0.8703703703703703,6,388498,1150511,19,7,7.80327868852459,18,476,DC Soluções,all_itens
Bom Sucesso,Epsilon-greedy,2019-11-19T08:50:10Z,61,47,13,1,0.7833333333333333,0.9791666666666666,0.8703703703703703,6,386896,894560,15,6,6.737704918032787,12,411,DC Soluções,all_itens
Bom Sucesso,Epsilon-greedy,2019-12-04T00:46:36Z,61,49,10,2,0.8305084745762712,0.9607843137254902,0.890909090909091,6,358187,862599,14,7,7.590163934426229,12,463,DC Soluções,all_itens
Campina Grande,Bfs,2019-11-06T02:44:37Z,61,56,5,0,0.9180327868852459,1,0.9572649572649572,15,915670,996273,17,8,5.885245901639344,9,359,Alfa Consultoria / Publicsoft,all_itens
Campina Grande,Bfs,2019-11-09T23:00:06Z,61,57,0,4,1,0.9344262295081968,0.9661016949152543,16,958754,1509290,25,9,9.426229508196721,14,575,Alfa Consultoria / Publicsoft,all_itens
Campina Grande,Bfs,2019-12-10T22:14:52Z,61,54,3,4,0.9473684210526315,0.9310344827586207,0.9391304347826087,15,892153,3724667,62,12,16.016393442622952,33,977,Alfa Consultoria / Publicsoft,all_itens
Campina Grande,Dfs,2019-11-13T03:48:50Z,61,56,0,4,1,0.9333333333333333,0.9655172413793104,17,1019682,2047915,34,9,10.344262295081966,17,631,Alfa Consultoria / Publicsoft,all_itens
Campina Grande,Dfs,2019-12-03T06:12:44Z,61,54,3,4,0.9473684210526315,0.9310344827586207,0.9391304347826087,15,903788,4296803,72,12,19.442622950819672,45,1186,Alfa Consultoria / Publicsoft,all_itens
Campina Grande,Dfs,2019-12-05T14:31:36Z,61,52,5,4,0.9122807017543859,0.9285714285714286,0.9203539823008849,15,881794,4122078,69,12,19.081967213114755,44,1164,Alfa Consultoria / Publicsoft,all_itens
Campina Grande,Dfs,2019-12-10T05:46:02Z,61,48,12,0,0.8,1,0.888888888888889,15,890682,3556920,59,12,15.245901639344263,29,930,Alfa Consultoria / Publicsoft,all_itens
Campina Grande,Epsilon-greedy,2019-11-01T23:50:03Z,61,56,2,3,0.9655172413793104,0.9491525423728814,0.9572649572649573,14,867767,1472191,25,8,8.819672131147541,13,538,Alfa Consultoria / Publicsoft,all_itens
Campina Grande,Epsilon-greedy,2019-11-11T14:34:10Z,61,53,5,3,0.9137931034482759,0.9464285714285714,0.9298245614035087,16,969586,1578312,26,9,9.19672131147541,13,561,Alfa Consultoria / Publicsoft,all_itens
Campina Grande,Epsilon-greedy,2019-11-19T06:50:09Z,61,56,2,3,0.9655172413793104,0.9491525423728814,0.9572649572649573,16,940166,1771294,30,9,9.852459016393443,16,601,Alfa Consultoria / Publicsoft,all_itens
Campina Grande,Epsilon-greedy,2019-12-09T23:59:14Z,61,53,5,3,0.9137931034482759,0.9464285714285714,0.9298245614035087,14,839273,4139319,69,12,18.868852459016395,43,1151,Alfa Consultoria / Publicsoft,all_itens
Carrapateira,Bfs,2019-11-11T23:19:26Z,61,48,9,4,0.8421052631578947,0.9230769230769231,0.8807339449541285,16,961134,1847370,31,16,19.524590163934427,32,1191,Elmar Tecnologia,all_itens
Carrapateira,Bfs,2019-11-26T00:10:20Z,61,51,6,4,0.8947368421052632,0.9272727272727272,0.9107142857142856,21,1250510,4629809,77,22,44.0655737704918,91,2688,Elmar Tecnologia,all_itens
Carrapateira,Bfs,2019-12-10T20:46:57Z,61,51,6,4,0.8947368421052632,0.9272727272727272,0.9107142857142856,18,1066702,4374550,73,22,44.0655737704918,91,2688,Elmar Tecnologia,all_itens
Carrapateira,Dfs,2019-11-26T16:22:48Z,61,51,6,4,0.8947368421052632,0.9272727272727272,0.9107142857142856,26,1533505,10905738,182,24,65.1311475409836,137,3973,Elmar Tecnologia,all_itens
Carrapateira,Dfs,2019-11-30T03:38:30Z,61,51,6,4,0.8947368421052632,0.9272727272727272,0.9107142857142856,21,1270373,9982119,166,24,65.1311475409836,137,3973,Elmar Tecnologia,all_itens
Carrapateira,Dfs,2019-12-05T15:27:10Z,61,51,6,4,0.8947368421052632,0.9272727272727272,0.9107142857142856,21,1251116,10064241,168,24,65.1311475409836,137,3973,Elmar Tecnologia,all_itens
Carrapateira,Epsilon-greedy,2019-11-27T02:53:27Z,61,51,6,4,0.8947368421052632,0.9272727272727272,0.9107142857142856,20,1207102,7519894,125,22,53.16393442622951,111,3243,Elmar Tecnologia,all_itens
Carrapateira,Epsilon-greedy,2019-11-29T01:06:35Z,61,51,6,4,0.8947368421052632,0.9272727272727272,0.9107142857142856,18,1100026,7612888,127,23,55.34426229508197,116,3376,Elmar Tecnologia,all_itens
Carrapateira,Epsilon-greedy,2019-12-04T04:50:13Z,61,51,6,4,0.8947368421052632,0.9272727272727272,0.9107142857142856,17,1022445,6872106,115,22,51.885245901639344,111,3165,Elmar Tecnologia,all_itens
Conceição,Bfs,2019-12-06T17:01:54Z,61,23,9,4,0.71875,0.8518518518518519,0.7796610169491525,42,2541550,8551015,143,29,37.80327868852459,79,2306,EasyWeb / e-TICons,all_itens
Conceição,Bfs,2019-12-06T19:28:29Z,61,23,9,4,0.71875,0.8518518518518519,0.7796610169491525,34,2010065,8457054,141,29,36.622950819672134,79,2234,EasyWeb / e-TICons,all_itens
Conceição,Bfs,2019-12-11T00:12:24Z,61,23,9,4,0.71875,0.8518518518518519,0.7796610169491525,42,2519538,7772394,130,30,39.31147540983606,79,2398,EasyWeb / e-TICons,all_itens
Conceição,Dfs,2019-11-25T19:29:47Z,61,40,9,4,0.8163265306122449,0.9090909090909091,0.8602150537634408,27,1620275,41146359,686,22,58.21311475409836,136,3551,EasyWeb / e-TICons,all_itens
Conceição,Dfs,2019-11-30T04:25:25Z,61,43,6,4,0.8775510204081632,0.9148936170212766,0.8958333333333333,37,2207139,39406601,657,22,32.704918032786885,136,1995,EasyWeb / e-TICons,all_itens
Conceição,Dfs,2019-12-05T01:51:14Z,61,40,9,4,0.8163265306122449,0.9090909090909091,0.8602150537634408,34,2053361,39477927,658,33,40.967213114754095,136,2499,EasyWeb / e-TICons,all_itens
Conceição,Dfs,2019-12-10T06:48:52Z,61,40,9,4,0.8163265306122449,0.9090909090909091,0.8602150537634408,48,2889216,47608945,793,33,44.114754098360656,136,2691,EasyWeb / e-TICons,all_itens
Conceição,Epsilon-greedy,2019-11-21T16:57:54Z,61,42,7,4,0.8571428571428571,0.9130434782608695,0.8842105263157894,45,2683545,32317487,539,32,72.37704918032787,208,4415,EasyWeb / e-TICons,all_itens
Conceição,Epsilon-greedy,2019-11-29T03:01:50Z,61,23,5,4,0.8214285714285714,0.8518518518518519,0.8363636363636364,49,2927896,9132144,152,31,36.967213114754095,78,2255,EasyWeb / e-TICons,all_itens
Conceição,Epsilon-greedy,2019-12-04T06:44:47Z,61,41,7,4,0.8541666666666666,0.9111111111111111,0.8817204301075269,31,1857222,8182712,136,37,36.16393442622951,81,2206,EasyWeb / e-TICons,all_itens
Coremas,Bfs,2019-11-19T20:49:52Z,61,50,10,1,0.8333333333333334,0.9803921568627451,0.9009009009009009,59,3567791,4853311,81,43,36.67213114754098,53,2237,e-TICons,all_itens
Coremas,Bfs,2019-11-28T04:02:20Z,61,50,10,1,0.8333333333333334,0.9803921568627451,0.9009009009009009,16,989764,3152038,53,33,38.868852459016395,87,2371,e-TICons,all_itens
Coremas,Bfs,2019-12-10T20:04:18Z,61,50,10,1,0.8333333333333334,0.9803921568627451,0.9009009009009009,23,1409341,4562378,76,34,39.26229508196721,87,2395,e-TICons,all_itens
Coremas,Dfs,2019-11-26T15:24:07Z,61,47,13,1,0.7833333333333333,0.9791666666666666,0.8703703703703703,43,2564298,7892950,132,39,46.01639344262295,103,2807,e-TICons,all_itens
Coremas,Dfs,2019-11-30T06:03:25Z,61,47,13,1,0.7833333333333333,0.9791666666666666,0.8703703703703703,31,1857310,7017781,117,39,46.01639344262295,103,2807,e-TICons,all_itens
Coremas,Dfs,2019-12-05T15:40:20Z,61,42,18,1,0.7,0.9767441860465116,0.8155339805825242,30,1826204,7059291,118,39,46.21311475409836,103,2819,e-TICons,all_itens
Coremas,Dfs,2019-12-10T20:02:23Z,61,42,18,1,0.7,0.9767441860465116,0.8155339805825242,40,2372318,7026793,117,44,48.18032786885246,103,2939,e-TICons,all_itens
Coremas,Epsilon-greedy,2019-11-27T03:42:49Z,61,54,6,1,0.9,0.9818181818181818,0.9391304347826087,37,2236382,5442477,91,35,40.278688524590166,88,2457,e-TICons,all_itens
Coremas,Epsilon-greedy,2019-11-29T03:13:29Z,61,47,13,1,0.7833333333333333,0.9791666666666666,0.8703703703703703,26,1547833,5028901,84,36,41.50819672131148,92,2532,e-TICons,all_itens
Coremas,Epsilon-greedy,2019-12-04T05:01:39Z,61,48,12,1,0.8,0.9795918367346939,0.8807339449541285,29,1760169,4639278,77,38,41.32786885245902,88,2521,e-TICons,all_itens
Coremas,Epsilon-greedy,2019-12-10T04:46:55Z,61,50,10,1,0.8333333333333334,0.9803921568627451,0.9009009009009009,31,1850404,4968012,83,39,41.75409836065574,89,2547,e-TICons,all_itens
Cruz do Espírito Santo,Bfs,2019-11-11T22:23:22Z,61,57,2,2,0.9661016949152542,0.9661016949152542,0.9661016949152542,25,1505926,1527809,25,9,9.704918032786885,13,592,Publicsoft,all_itens
Cruz do Espírito Santo,Bfs,2019-11-28T04:22:41Z,61,57,2,2,0.9661016949152542,0.9661016949152542,0.9661016949152542,12,712763,955684,16,13,12.737704918032787,17,777,Publicsoft,all_itens
Cruz do Espírito Santo,Bfs,2019-12-10T20:03:56Z,61,57,2,2,0.9661016949152542,0.9661016949152542,0.9661016949152542,23,1357184,2165762,36,13,12.737704918032787,17,777,Publicsoft,all_itens
Cruz do Espírito Santo,Dfs,2019-11-23T02:52:17Z,61,57,1,3,0.9827586206896551,0.95,0.9661016949152542,29,1761360,2530526,42,14,13.295081967213115,17,811,Publicsoft,all_itens
Cruz do Espírito Santo,Dfs,2019-11-26T18:06:55Z,61,57,1,3,0.9827586206896551,0.95,0.9661016949152542,27,1616445,2362895,39,14,13.295081967213115,17,811,Publicsoft,all_itens
Cruz do Espírito Santo,Dfs,2019-12-01T21:04:45Z,61,57,1,3,0.9827586206896551,0.95,0.9661016949152542,27,1608856,2383881,40,14,13.295081967213115,17,811,Publicsoft,all_itens
Cruz do Espírito Santo,Dfs,2019-12-10T21:59:31Z,61,57,1,3,0.9827586206896551,0.95,0.9661016949152542,24,1452641,2210249,37,14,13.295081967213115,17,811,Publicsoft,all_itens
Cruz do Espírito Santo,Epsilon-greedy,2019-11-19T03:30:36Z,61,57,1,3,0.9827586206896551,0.95,0.9661016949152542,25,1507020,2617869,44,9,10.01639344262295,18,611,Publicsoft,all_itens
Cruz do Espírito Santo,Epsilon-greedy,2019-11-29T04:37:19Z,61,57,1,3,0.9827586206896551,0.95,0.9661016949152542,24,1450845,2158760,36,14,13.327868852459016,17,813,Publicsoft,all_itens
Cruz do Espírito Santo,Epsilon-greedy,2019-12-01T21:43:44Z,61,57,1,3,0.9827586206896551,0.95,0.9661016949152542,24,1455233,2084022,35,14,12.704918032786885,16,775,Publicsoft,all_itens
Cruz do Espírito Santo,Epsilon-greedy,2019-12-10T06:09:44Z,61,54,4,3,0.9310344827586207,0.9473684210526315,0.9391304347826087,30,1802757,2559887,43,14,13.311475409836065,17,812,Publicsoft,all_itens
Esperança,Bfs,2019-11-02T19:42:26Z,61,54,2,0,0.9642857142857143,1,0.9818181818181818,8,491382,646263,11,11,8.508196721311476,13,519,Info Public,all_itens
Esperança,Bfs,2019-11-06T02:44:35Z,61,46,10,0,0.8214285714285714,1,0.9019607843137255,8,500189,923740,15,11,9.295081967213115,15,567,Info Public,all_itens
Esperança,Bfs,2019-11-09T23:00:55Z,61,53,3,0,0.9464285714285714,1,0.9724770642201834,8,459989,1988068,33,11,14.80327868852459,29,903,Info Public,all_itens
Esperança,Bfs,2019-11-28T05:35:16Z,61,51,3,2,0.9444444444444444,0.9622641509433962,0.9532710280373832,3,167735,724828,12,12,14.049180327868852,26,857,Info Public,all_itens
Esperança,Dfs,2019-11-04T01:03:58Z,61,54,2,0,0.9642857142857143,1,0.9818181818181818,8,496932,616596,10,11,9.295081967213115,13,567,Info Public,all_itens
Esperança,Dfs,2019-11-13T03:48:17Z,61,53,3,0,0.9464285714285714,1,0.9724770642201834,8,475308,1980112,33,11,16.131147540983605,29,984,Info Public,all_itens
Esperança,Dfs,2019-12-05T19:57:21Z,61,49,5,2,0.9074074074074074,0.9607843137254902,0.9333333333333333,3,178235,902829,15,12,15.918032786885245,27,971,Info Public,all_itens
Esperança,Dfs,2019-12-11T13:09:29Z,61,49,5,2,0.9074074074074074,0.9607843137254902,0.9333333333333333,3,166364,892220,15,12,15.918032786885245,27,971,Info Public,all_itens
Esperança,Epsilon-greedy,2019-11-01T23:50:50Z,61,52,4,0,0.9285714285714286,1,0.962962962962963,8,459112,625369,10,11,8.852459016393443,13,540,Info Public,all_itens
Esperança,Epsilon-greedy,2019-11-11T14:33:23Z,61,51,5,0,0.9107142857142857,1,0.9532710280373832,8,454081,1992412,33,11,15.147540983606557,29,924,Info Public,all_itens
Esperança,Epsilon-greedy,2019-11-19T05:48:21Z,61,53,3,0,0.9464285714285714,1,0.9724770642201834,8,452048,1997672,33,11,15.295081967213115,29,933,Info Public,all_itens
Gado Bravo,Bfs,2019-11-07T23:47:02Z,61,43,5,1,0.8958333333333334,0.9772727272727273,0.9347826086956522,6,382784,442863,7,4,3.5245901639344264,4,215,Franinformática / Publicsoft / Aspec Informática,all_itens
Gado Bravo,Bfs,2019-11-08T01:48:34Z,61,45,3,1,0.9375,0.9782608695652174,0.9574468085106383,8,471839,480420,8,4,3.5245901639344264,4,215,Franinformática / Publicsoft / Aspec Informática,all_itens
Gado Bravo,Bfs,2019-11-10T19:10:18Z,61,45,3,1,0.9375,0.9782608695652174,0.9574468085106383,7,417831,579949,10,4,3.8688524590163933,5,236,Franinformática / Publicsoft / Aspec Informática,all_itens
Gado Bravo,Bfs,2019-11-28T04:32:54Z,61,45,3,1,0.9375,0.9782608695652174,0.9574468085106383,6,357603,493925,8,9,7.868852459016393,12,480,Franinformática / Publicsoft / Aspec Informática,all_itens
Gado Bravo,Dfs,2019-11-23T02:56:43Z,61,43,3,1,0.9347826086956522,0.9772727272727273,0.9555555555555557,16,964106,1314029,22,9,8.21311475409836,12,501,Franinformática / Publicsoft / Aspec Informática,all_itens
Gado Bravo,Dfs,2019-11-26T20:49:20Z,61,43,3,1,0.9347826086956522,0.9772727272727273,0.9555555555555557,15,884276,1174559,20,9,8.21311475409836,12,501,Franinformática / Publicsoft / Aspec Informática,all_itens
Gado Bravo,Dfs,2019-11-30T08:00:24Z,61,43,3,1,0.9347826086956522,0.9772727272727273,0.9555555555555557,11,679786,899416,15,9,8.360655737704919,12,510,Franinformática / Publicsoft / Aspec Informática,all_itens
Gado Bravo,Dfs,2019-12-11T13:24:23Z,61,43,3,1,0.9347826086956522,0.9772727272727273,0.9555555555555557,12,692441,913817,15,9,8.21311475409836,12,501,Franinformática / Publicsoft / Aspec Informática,all_itens
Gado Bravo,Epsilon-greedy,2019-11-12T04:33:07Z,61,45,3,1,0.9375,0.9782608695652174,0.9574468085106383,7,413695,563275,9,4,3.8688524590163933,5,236,Franinformática / Publicsoft / Aspec Informática,all_itens
Gado Bravo,Epsilon-greedy,2019-11-29T05:13:20Z,61,44,3,1,0.9361702127659575,0.9777777777777777,0.9565217391304347,11,687273,908657,15,9,7.918032786885246,12,483,Franinformática / Publicsoft / Aspec Informática,all_itens
Gado Bravo,Epsilon-greedy,2019-12-04T07:04:31Z,61,43,3,1,0.9347826086956522,0.9772727272727273,0.9555555555555557,11,681968,883690,15,9,8.163934426229508,12,498,Franinformática / Publicsoft / Aspec Informática,all_itens
Ingá,Bfs,2019-11-11T23:20:08Z,61,37,6,6,0.8604651162790697,0.8604651162790697,0.8604651162790697,10,571289,3741901,62,5,10.573770491803279,38,645,Portal Próprio / Publicsoft,all_itens
Ingá,Bfs,2019-12-06T19:29:04Z,61,39,3,6,0.9285714285714286,0.8666666666666667,0.896551724137931,12,733317,1146713,19,9,10.78688524590164,21,658,Portal Próprio / Publicsoft,all_itens
Ingá,Bfs,2019-12-06T19:50:13Z,61,39,3,6,0.9285714285714286,0.8666666666666667,0.896551724137931,11,680495,1157205,19,9,10.78688524590164,21,658,Portal Próprio / Publicsoft,all_itens
Ingá,Bfs,2019-12-06T20:13:51Z,61,39,3,6,0.9285714285714286,0.8666666666666667,0.896551724137931,11,671904,1124562,19,9,10.78688524590164,21,658,Portal Próprio / Publicsoft,all_itens
Ingá,Dfs,2019-11-23T12:37:21Z,61,39,3,6,0.9285714285714286,0.8666666666666667,0.896551724137931,17,1023174,2332843,39,9,12.21311475409836,21,745,Portal Próprio / Publicsoft,all_itens
Ingá,Dfs,2019-11-26T20:49:45Z,61,39,3,6,0.9285714285714286,0.8666666666666667,0.896551724137931,14,846056,2132464,36,9,10.639344262295081,21,649,Portal Próprio / Publicsoft,all_itens
Ingá,Dfs,2019-11-30T08:00:41Z,61,37,5,6,0.8809523809523809,0.8604651162790697,0.8705882352941177,14,850100,1669817,28,9,10.78688524590164,21,658,Portal Próprio / Publicsoft,all_itens
Ingá,Dfs,2019-12-11T13:39:38Z,61,39,3,6,0.9285714285714286,0.8666666666666667,0.896551724137931,11,689973,1531555,26,9,10.639344262295081,21,649,Portal Próprio / Publicsoft,all_itens
Ingá,Epsilon-greedy,2019-11-19T06:21:40Z,61,37,5,6,0.8809523809523809,0.8604651162790697,0.8705882352941177,10,570856,1707968,28,5,7.688524590163935,18,469,Portal Próprio / Publicsoft,all_itens
Ingá,Epsilon-greedy,2019-11-29T05:28:30Z,61,39,3,6,0.9285714285714286,0.8666666666666667,0.896551724137931,11,681588,1141527,19,9,10.639344262295081,21,649,Portal Próprio / Publicsoft,all_itens
Ingá,Epsilon-greedy,2019-12-01T21:07:52Z,61,37,5,6,0.8809523809523809,0.8604651162790697,0.8705882352941177,12,710290,958835,16,9,10.459016393442623,19,638,Portal Próprio / Publicsoft,all_itens
Itabaiana,Bfs,2019-11-06T00:42:31Z,61,48,9,4,0.8421052631578947,0.9230769230769231,0.8807339449541285,17,1009078,1555001,26,17,14.557377049180328,20,888,Portal Próprio / Elmar Tecnologia,all_itens
Itabaiana,Bfs,2019-11-07T00:45:04Z,61,46,9,6,0.8363636363636363,0.8846153846153846,0.8598130841121494,18,1091568,5126195,85,17,19.311475409836067,49,1178,Portal Próprio / Elmar Tecnologia,all_itens
Itabaiana,Bfs,2019-11-08T01:48:39Z,61,46,9,6,0.8363636363636363,0.8846153846153846,0.8598130841121494,19,1161675,3732622,62,17,18.16393442622951,42,1108,Portal Próprio / Elmar Tecnologia,all_itens
Itabaiana,Bfs,2019-11-10T19:09:32Z,61,48,8,5,0.8571428571428571,0.9056603773584906,0.8807339449541285,55,3271231,3544740,59,39,29.9672131147541,48,1828,Portal Próprio / Elmar Tecnologia,all_itens
Itabaiana,Dfs,2019-11-13T05:53:28Z,61,48,8,5,0.8571428571428571,0.9056603773584906,0.8807339449541285,58,3469710,4291654,72,39,32.9344262295082,51,2009,Portal Próprio / Elmar Tecnologia,all_itens
Itabaiana,Dfs,2019-12-03T02:23:26Z,61,51,5,5,0.9107142857142857,0.9107142857142857,0.9107142857142857,146,8788759,13756854,229,85,85.11475409836065,143,5192,Portal Próprio / Elmar Tecnologia,all_itens
Itabaiana,Dfs,2019-12-05T20:12:25Z,61,51,5,5,0.9107142857142857,0.9107142857142857,0.9107142857142857,248,14886674,15738662,262,90,93.31147540983606,162,5692,Portal Próprio / Elmar Tecnologia,all_itens
Itabaiana,Dfs,2019-12-11T14:05:11Z,61,51,5,5,0.9107142857142857,0.9107142857142857,0.9107142857142857,148,8858303,12438373,207,76,83.04918032786885,142,5066,Portal Próprio / Elmar Tecnologia,all_itens
Itabaiana,Epsilon-greedy,2019-11-12T02:03:23Z,61,48,8,5,0.8571428571428571,0.9056603773584906,0.8807339449541285,58,3472312,4080446,68,42,31.65573770491803,52,1931,Portal Próprio / Elmar Tecnologia,all_itens
Itabaiana,Epsilon-greedy,2019-11-19T07:34:11Z,61,43,13,5,0.7678571428571429,0.8958333333333334,0.8269230769230769,101,6031237,6458780,108,37,27.918032786885245,43,1703,Portal Próprio / Elmar Tecnologia,all_itens
Itabaiana,Epsilon-greedy,2019-12-04T02:49:50Z,61,51,5,5,0.9107142857142857,0.9107142857142857,0.9107142857142857,78,4697980,11961054,199,82,67.59016393442623,113,4123,Portal Próprio / Elmar Tecnologia,all_itens
João Pessoa,Bfs,2019-11-02T19:42:11Z,61,45,13,2,0.7758620689655172,0.9574468085106383,0.8571428571428572,36,2160413,6208933,103,18,23.672131147540984,47,1444,TI João Pessoa,all_itens
João Pessoa,Bfs,2019-11-06T02:44:44Z,61,45,13,2,0.7758620689655172,0.9574468085106383,0.8571428571428572,35,2090289,6225272,104,18,23.147540983606557,45,1412,TI João Pessoa,all_itens
João Pessoa,Bfs,2019-11-09T23:02:04Z,61,45,13,2,0.7758620689655172,0.9574468085106383,0.8571428571428572,46,2783268,6616506,110,23,26.0327868852459,47,1588,TI João Pessoa,all_itens
João Pessoa,Bfs,2019-11-28T04:41:10Z,61,42,16,2,0.7241379310344828,0.9545454545454546,0.823529411764706,9,560884,2096428,35,18,24.295081967213115,46,1482,TI João Pessoa,all_itens
João Pessoa,Dfs,2019-11-04T01:05:22Z,61,46,12,2,0.7931034482758621,0.9583333333333334,0.8679245283018867,40,2420193,7306704,122,18,23.475409836065573,46,1432,TI João Pessoa,all_itens
João Pessoa,Dfs,2019-11-13T03:49:25Z,61,46,12,2,0.7931034482758621,0.9583333333333334,0.8679245283018867,57,3404120,7762524,129,24,26.16393442622951,45,1596,TI João Pessoa,all_itens
João Pessoa,Dfs,2019-12-05T20:18:03Z,61,49,9,2,0.8448275862068966,0.9607843137254902,0.8990825688073395,41,2489279,4918916,82,24,26.39344262295082,44,1610,TI João Pessoa,all_itens
João Pessoa,Dfs,2019-12-11T17:32:30Z,61,49,9,2,0.8448275862068966,0.9607843137254902,0.8990825688073395,41,2439556,4640201,77,24,26.311475409836067,44,1605,TI João Pessoa,all_itens
João Pessoa,Epsilon-greedy,2019-11-01T23:49:45Z,61,45,13,2,0.7758620689655172,0.9574468085106383,0.8571428571428572,37,2234954,8338404,139,18,23.885245901639344,48,1457,TI João Pessoa,all_itens
João Pessoa,Epsilon-greedy,2019-11-11T14:34:58Z,61,45,13,2,0.7758620689655172,0.9574468085106383,0.8571428571428572,52,3136953,6929189,115,23,24.65573770491803,41,1504,TI João Pessoa,all_itens
João Pessoa,Epsilon-greedy,2019-11-28T21:19:44Z,61,49,9,2,0.8448275862068966,0.9607843137254902,0.8990825688073395,34,2014818,5300175,88,24,27.852459016393443,49,1699,TI João Pessoa,all_itens
Ouro Velho,Bfs,2019-11-02T19:42:36Z,61,57,3,1,0.95,0.9827586206896551,0.9661016949152542,14,825866,1561393,26,5,6.163934426229508,9,376,Publicsoft,all_itens
Ouro Velho,Bfs,2019-11-06T02:44:46Z,61,56,3,2,0.9491525423728814,0.9655172413793104,0.9572649572649573,13,806982,1550923,26,5,6.016393442622951,9,367,Publicsoft,all_itens
Ouro Velho,Bfs,2019-11-09T00:10:23Z,61,56,3,2,0.9491525423728814,0.9655172413793104,0.9572649572649573,26,1569314,1733799,29,9,10.688524590163935,15,652,Publicsoft,all_itens
Ouro Velho,Bfs,2019-11-28T06:06:46Z,61,56,3,2,0.9491525423728814,0.9655172413793104,0.9572649572649573,14,852552,1005312,17,15,13.672131147540984,17,834,Publicsoft,all_itens
Ouro Velho,Dfs,2019-11-04T01:04:05Z,61,57,2,2,0.9661016949152542,0.9661016949152542,0.9661016949152542,19,1148264,1563229,26,7,6.704918032786885,9,409,Publicsoft,all_itens
Ouro Velho,Dfs,2019-11-13T00:38:06Z,61,56,2,3,0.9655172413793104,0.9491525423728814,0.9572649572649573,26,1559227,3416210,57,9,14.081967213114755,22,859,Publicsoft,all_itens
Ouro Velho,Dfs,2019-12-05T21:40:03Z,61,56,2,3,0.9655172413793104,0.9491525423728814,0.9572649572649573,27,1599675,2780809,46,16,14.37704918032787,20,877,Publicsoft,all_itens
Ouro Velho,Dfs,2019-12-11T18:49:52Z,61,56,2,3,0.9655172413793104,0.9491525423728814,0.9572649572649573,27,1606844,2794077,47,16,14.37704918032787,20,877,Publicsoft,all_itens
Ouro Velho,Epsilon-greedy,2019-11-01T23:50:01Z,61,57,3,1,0.95,0.9827586206896551,0.9661016949152542,13,791628,1549332,26,5,6.016393442622951,9,367,Publicsoft,all_itens
Ouro Velho,Epsilon-greedy,2019-11-11T06:10:15Z,61,56,3,2,0.9491525423728814,0.9655172413793104,0.9572649572649573,26,1562187,1906195,32,9,10.78688524590164,16,658,Publicsoft,all_itens
Ouro Velho,Epsilon-greedy,2019-11-19T03:30:36Z,61,56,2,3,0.9655172413793104,0.9491525423728814,0.9572649572649573,27,1643933,2784278,46,9,11.098360655737705,20,677,Publicsoft,all_itens
Pedra Lavrada,Bfs,2019-11-06T00:42:45Z,61,48,11,1,0.8135593220338984,0.9795918367346939,0.888888888888889,5,324495,4664153,78,5,10.573770491803279,21,645,LHSystem / Elmar Tecnologia,all_itens
Pedra Lavrada,Bfs,2019-11-07T00:47:18Z,61,48,11,1,0.8135593220338984,0.9795918367346939,0.888888888888889,5,329142,4824935,80,5,10.573770491803279,21,645,LHSystem / Elmar Tecnologia,all_itens
Pedra Lavrada,Bfs,2019-11-08T01:48:54Z,61,48,11,1,0.8135593220338984,0.9795918367346939,0.888888888888889,7,404066,4927980,82,5,10.573770491803279,21,645,LHSystem / Elmar Tecnologia,all_itens
Pedra Lavrada,Bfs,2019-11-10T19:10:04Z,61,48,11,1,0.8135593220338984,0.9795918367346939,0.888888888888889,5,321514,2341612,39,5,10.573770491803279,21,645,LHSystem / Elmar Tecnologia,all_itens
Pedra Lavrada,Bfs,2019-11-28T06:23:09Z,61,50,9,1,0.847457627118644,0.9803921568627451,0.909090909090909,7,391642,2332275,39,12,24.442622950819672,52,1491,LHSystem / Elmar Tecnologia,all_itens
Pedra Lavrada,Dfs,2019-11-21T16:58:08Z,61,47,11,2,0.8103448275862069,0.9591836734693877,0.8785046728971961,33,1972429,20100738,335,20,46.0655737704918,98,2810,LHSystem / Elmar Tecnologia,all_itens
Pedra Lavrada,Dfs,2019-12-03T04:13:39Z,61,47,11,2,0.8103448275862069,0.9591836734693877,0.8785046728971961,19,1157964,15982932,266,18,41.22950819672131,88,2515,LHSystem / Elmar Tecnologia,all_itens
Pedra Lavrada,Dfs,2019-12-05T23:29:23Z,61,47,11,2,0.8103448275862069,0.9591836734693877,0.8785046728971961,20,1192620,18078060,301,18,41.22950819672131,88,2515,LHSystem / Elmar Tecnologia,all_itens
Pedra Lavrada,Epsilon-greedy,2019-11-12T04:32:51Z,61,48,11,1,0.8135593220338984,0.9795918367346939,0.888888888888889,5,313954,11627447,194,5,21.131147540983605,47,1289,LHSystem / Elmar Tecnologia,all_itens
Pedra Lavrada,Epsilon-greedy,2019-11-19T08:20:29Z,61,48,11,1,0.8135593220338984,0.9795918367346939,0.888888888888889,5,322106,1779253,30,5,8.655737704918034,16,528,LHSystem / Elmar Tecnologia,all_itens
Pedra Lavrada,Epsilon-greedy,2019-12-04T00:46:37Z,61,50,9,1,0.847457627118644,0.9803921568627451,0.909090909090909,10,625144,7391330,123,12,28.918032786885245,60,1764,LHSystem / Elmar Tecnologia,all_itens
Pocinhos,Bfs,2019-11-11T22:24:19Z,61,57,2,2,0.9661016949152542,0.9661016949152542,0.9661016949152542,26,1530788,1915377,32,9,11.950819672131148,17,729,Publicsoft,all_itens
Pocinhos,Bfs,2019-11-28T04:49:47Z,61,57,2,2,0.9661016949152542,0.9661016949152542,0.9661016949152542,15,896340,1012750,17,15,13.672131147540984,17,834,Publicsoft,all_itens
Pocinhos,Bfs,2019-12-06T23:03:29Z,61,56,3,2,0.9491525423728814,0.9655172413793104,0.9572649572649573,28,1685714,2005010,33,15,13.40983606557377,16,818,Publicsoft,all_itens
Pocinhos,Bfs,2019-12-06T23:39:44Z,61,57,2,2,0.9661016949152542,0.9661016949152542,0.9661016949152542,27,1600550,2242679,37,15,13.672131147540984,17,834,Publicsoft,all_itens
Pocinhos,Dfs,2019-11-21T04:07:57Z,61,57,1,3,0.9827586206896551,0.95,0.9661016949152542,79,4755755,6192055,103,25,27.327868852459016,40,1667,Publicsoft,all_itens
Pocinhos,Dfs,2019-11-30T08:15:25Z,61,57,1,3,0.9827586206896551,0.95,0.9661016949152542,28,1682547,2872141,48,16,14.37704918032787,20,877,Publicsoft,all_itens
Pocinhos,Dfs,2019-12-05T17:38:01Z,61,57,1,3,0.9827586206896551,0.95,0.9661016949152542,28,1674211,2891280,48,16,14.37704918032787,20,877,Publicsoft,all_itens
Pocinhos,Dfs,2019-12-11T19:36:27Z,61,57,1,3,0.9827586206896551,0.95,0.9661016949152542,28,1684028,2872761,48,16,14.37704918032787,20,877,Publicsoft,all_itens
Pocinhos,Epsilon-greedy,2019-11-19T03:30:36Z,61,54,5,2,0.9152542372881356,0.9642857142857143,0.9391304347826087,28,1683253,4315996,72,9,12.655737704918034,28,772,Publicsoft,all_itens
Pocinhos,Epsilon-greedy,2019-11-29T05:34:03Z,61,57,1,3,0.9827586206896551,0.95,0.9661016949152542,28,1685967,2111725,35,16,14,16,854,Publicsoft,all_itens
Pocinhos,Epsilon-greedy,2019-12-04T05:29:49Z,61,57,1,3,0.9827586206896551,0.95,0.9661016949152542,26,1563736,2817742,47,15,13.78688524590164,22,841,Publicsoft,all_itens
Quixaba,Bfs,2019-11-19T20:31:30Z,61,50,7,1,0.8771929824561403,0.9803921568627451,0.9259259259259259,24,1458490,2572940,43,14,15.262295081967213,22,931,EasyWeb / Publicsoft,all_itens
Quixaba,Bfs,2019-11-22T23:09:55Z,61,50,7,1,0.8771929824561403,0.9803921568627451,0.9259259259259259,84,5038006,7200057,120,20,19.885245901639344,32,1213,EasyWeb / Publicsoft,all_itens
Quixaba,Bfs,2019-11-28T05:12:23Z,61,52,5,1,0.9122807017543859,0.9811320754716981,0.9454545454545454,90,5394296,6475427,108,14,18.016393442622952,30,1099,EasyWeb / Publicsoft,all_itens
Quixaba,Dfs,2019-11-30T09:16:54Z,61,54,3,1,0.9473684210526315,0.9818181818181818,0.9642857142857142,38,2267545,13851724,231,19,25.16393442622951,38,1535,EasyWeb / Publicsoft,all_itens
Quixaba,Dfs,2019-12-03T01:45:25Z,61,52,5,1,0.9122807017543859,0.9811320754716981,0.9454545454545454,39,2311214,8070859,135,19,23.442622950819672,35,1430,EasyWeb / Publicsoft,all_itens
Quixaba,Dfs,2019-12-06T16:56:51Z,61,54,3,1,0.9473684210526315,0.9818181818181818,0.9642857142857142,40,2405480,15063838,251,19,25.114754098360656,37,1532,EasyWeb / Publicsoft,all_itens
Quixaba,Dfs,2019-12-10T22:36:22Z,61,54,3,1,0.9473684210526315,0.9818181818181818,0.9642857142857142,37,2239645,15447002,257,19,25.16393442622951,38,1535,EasyWeb / Publicsoft,all_itens
Quixaba,Epsilon-greedy,2019-11-27T17:23:20Z,61,53,4,1,0.9298245614035088,0.9814814814814815,0.954954954954955,13,756918,1137147,19,10,11.21311475409836,16,684,EasyWeb / Publicsoft,all_itens
Quixaba,Epsilon-greedy,2019-11-29T06:39:17Z,61,54,3,1,0.9473684210526315,0.9818181818181818,0.9642857142857142,64,3840498,6411120,107,19,20.65573770491803,32,1260,EasyWeb / Publicsoft,all_itens
Quixaba,Epsilon-greedy,2019-12-04T02:51:51Z,61,50,7,1,0.8771929824561403,0.9803921568627451,0.9259259259259259,101,6071334,7786453,130,20,21.475409836065573,31,1310,EasyWeb / Publicsoft,all_itens
Quixaba,Epsilon-greedy,2019-12-10T06:52:25Z,61,54,3,1,0.9473684210526315,0.9818181818181818,0.9642857142857142,91,5472319,6989605,116,20,20.639344262295083,30,1259,EasyWeb / Publicsoft,all_itens
Remígio,Bfs,2019-11-13T15:33:59Z,61,56,3,2,0.9491525423728814,0.9655172413793104,0.9572649572649573,10,584681,1722854,29,5,10.426229508196721,22,636,Portal Próprio / Publicsoft,all_itens
Remígio,Bfs,2019-11-28T04:54:53Z,61,56,3,2,0.9491525423728814,0.9655172413793104,0.9572649572649573,7,407238,1022851,17,9,12.62295081967213,26,770,Portal Próprio / Publicsoft,all_itens
Remígio,Bfs,2019-12-06T23:02:53Z,61,56,3,2,0.9491525423728814,0.9655172413793104,0.9572649572649573,12,746573,1528315,25,9,12.62295081967213,26,770,Portal Próprio / Publicsoft,all_itens
Remígio,Bfs,2019-12-06T23:39:22Z,61,56,3,2,0.9491525423728814,0.9655172413793104,0.9572649572649573,12,746771,1475446,25,9,12.62295081967213,26,770,Portal Próprio / Publicsoft,all_itens
Remígio,Dfs,2019-11-28T18:17:59Z,61,33,26,2,0.559322033898305,0.9428571428571428,0.7021276595744681,90,5424524,6500565,108,25,22.081967213114755,27,1347,Portal Próprio / Publicsoft,all_itens
Remígio,Dfs,2019-12-03T00:30:13Z,61,33,26,2,0.559322033898305,0.9428571428571428,0.7021276595744681,93,5553075,6791323,113,25,22.081967213114755,27,1347,Portal Próprio / Publicsoft,all_itens
Remígio,Dfs,2019-12-05T18:14:56Z,61,33,26,2,0.559322033898305,0.9428571428571428,0.7021276595744681,103,6200988,7382665,123,25,22.081967213114755,27,1347,Portal Próprio / Publicsoft,all_itens
Remígio,Epsilon-greedy,2019-11-21T04:07:21Z,61,56,3,2,0.9491525423728814,0.9655172413793104,0.9572649572649573,40,2422436,3226886,54,18,21.21311475409836,41,1294,Portal Próprio / Publicsoft,all_itens
Remígio,Epsilon-greedy,2019-11-28T21:21:46Z,61,33,26,2,0.559322033898305,0.9428571428571428,0.7021276595744681,76,4584740,5243107,87,15,16.278688524590162,25,993,Portal Próprio / Publicsoft,all_itens
Remígio,Epsilon-greedy,2019-12-04T06:09:12Z,61,52,7,2,0.8813559322033898,0.9629629629629629,0.9203539823008849,41,2461392,5539920,92,26,21.081967213114755,30,1286,Portal Próprio / Publicsoft,all_itens
Santa Cecília,Bfs,2019-11-11T22:58:11Z,61,54,2,5,0.9642857142857143,0.9152542372881356,0.9391304347826087,25,1516419,1519908,25,9,10.081967213114755,13,615,Publicsoft,all_itens
Santa Cecília,Bfs,2019-11-28T05:03:31Z,61,54,2,5,0.9642857142857143,0.9152542372881356,0.9391304347826087,14,831151,1075485,18,15,14.262295081967213,18,870,Publicsoft,all_itens
Santa Cecília,Bfs,2019-12-06T23:12:43Z,61,54,2,5,0.9642857142857143,0.9152542372881356,0.9391304347826087,26,1551798,2390984,40,15,14.262295081967213,18,870,Publicsoft,all_itens
Santa Cecília,Dfs,2019-11-23T13:51:10Z,61,55,1,5,0.9821428571428571,0.9166666666666666,0.9482758620689654,53,3188417,5834533,97,23,22.131147540983605,33,1350,Publicsoft,all_itens
Santa Cecília,Dfs,2019-11-26T22:27:57Z,61,55,1,5,0.9821428571428571,0.9166666666666666,0.9482758620689654,43,2559982,3076230,51,17,17.721311475409838,23,1081,Publicsoft,all_itens
Santa Cecília,Dfs,2019-11-27T23:49:40Z,61,55,1,5,0.9821428571428571,0.9166666666666666,0.9482758620689654,14,863498,1214276,20,16,14.967213114754099,20,913,Publicsoft,all_itens
Santa Cecília,Dfs,2019-11-30T08:28:32Z,61,55,1,5,0.9821428571428571,0.9166666666666666,0.9482758620689654,28,1689565,2878088,48,16,14.967213114754099,20,913,Publicsoft,all_itens
Santa Cecília,Epsilon-greedy,2019-11-19T03:30:36Z,61,57,2,2,0.9661016949152542,0.9661016949152542,0.9661016949152542,28,1657122,2667030,44,9,12.655737704918034,19,772,Publicsoft,all_itens
Santa Cecília,Epsilon-greedy,2019-11-29T05:47:32Z,61,54,5,2,0.9152542372881356,0.9642857142857143,0.9391304347826087,25,1514676,3077710,51,15,14.39344262295082,22,878,Publicsoft,all_itens
Santa Cecília,Epsilon-greedy,2019-12-01T21:23:59Z,61,55,1,5,0.9821428571428571,0.9166666666666666,0.9482758620689654,26,1560070,2318299,39,15,14.278688524590164,20,871,Publicsoft,all_itens
Santa Rita,Bfs,2019-11-02T19:43:00Z,61,45,13,3,0.7758620689655172,0.9375,0.8490566037735848,12,741358,2838517,47,12,16.524590163934427,40,1008,e-TICons / Info Public,all_itens
Santa Rita,Bfs,2019-11-06T02:44:39Z,61,45,13,3,0.7758620689655172,0.9375,0.8490566037735848,16,935202,3547470,59,12,19.40983606557377,48,1184,e-TICons / Info Public,all_itens
Santa Rita,Bfs,2019-11-09T00:10:30Z,61,46,12,3,0.7931034482758621,0.9387755102040817,0.8598130841121495,44,2661739,3626223,60,34,30.39344262295082,48,1854,e-TICons / Info Public,all_itens
Santa Rita,Bfs,2019-11-28T06:23:33Z,61,52,6,3,0.896551724137931,0.9454545454545454,0.920353982300885,6,372069,1399607,23,14,21.721311475409838,43,1325,e-TICons / Info Public,all_itens
Santa Rita,Dfs,2019-11-27T22:28:46Z,61,50,8,3,0.8620689655172413,0.9433962264150944,0.9009009009009009,9,512568,2604178,43,15,25.934426229508198,52,1582,e-TICons / Info Public,all_itens
Santa Rita,Dfs,2019-11-27T23:49:47Z,61,50,8,3,0.8620689655172413,0.9433962264150944,0.9009009009009009,7,423127,2369792,39,15,28.081967213114755,57,1713,e-TICons / Info Public,all_itens
Santa Rita,Dfs,2019-12-05T22:26:26Z,61,50,8,3,0.8620689655172413,0.9433962264150944,0.9009009009009009,12,722535,3480075,58,15,27.81967213114754,57,1697,e-TICons / Info Public,all_itens
Santa Rita,Epsilon-greedy,2019-11-01T23:50:05Z,61,45,13,3,0.7758620689655172,0.9375,0.8490566037735848,8,484535,2805075,47,8,16.295081967213115,40,994,e-TICons / Info Public,all_itens
Santa Rita,Epsilon-greedy,2019-11-11T06:10:47Z,61,46,12,3,0.7931034482758621,0.9387755102040817,0.8598130841121495,48,2851319,3674276,61,33,29.75409836065574,48,1815,e-TICons / Info Public,all_itens
Santa Rita,Epsilon-greedy,2019-11-19T04:42:33Z,61,44,14,3,0.7586206896551724,0.9361702127659575,0.8380952380952381,44,2653232,3946369,66,26,26.65573770491803,49,1626,e-TICons / Info Public,all_itens
Serra Grande,Bfs,2019-11-19T20:35:01Z,61,51,7,1,0.8793103448275862,0.9807692307692307,0.9272727272727272,25,1489993,2546901,42,14,15.426229508196721,22,941,EasyWeb / Publicsoft,all_itens
Serra Grande,Bfs,2019-11-28T05:06:42Z,61,53,5,1,0.9137931034482759,0.9814814814814815,0.9464285714285714,134,8032528,9044218,151,14,18.34426229508197,30,1119,EasyWeb / Publicsoft,all_itens
Serra Grande,Bfs,2019-12-06T22:59:41Z,61,45,15,1,0.75,0.9782608695652174,0.849056603773585,86,5145884,10405958,173,12,15.639344262295081,30,954,EasyWeb / Publicsoft,all_itens
Serra Grande,Dfs,2019-11-26T21:32:14Z,61,54,4,1,0.9310344827586207,0.9818181818181818,0.9557522123893805,12,712407,1239023,21,10,11.557377049180328,16,705,EasyWeb / Publicsoft,all_itens
Serra Grande,Dfs,2019-12-05T21:29:47Z,61,47,13,0,0.7833333333333333,1,0.8785046728971964,61,3650701,18971278,316,17,20.19672131147541,38,1232,EasyWeb / Publicsoft,all_itens
Serra Grande,Dfs,2019-12-05T23:31:57Z,61,55,3,1,0.9482758620689655,0.9821428571428571,0.9649122807017544,67,4023146,19397623,323,19,25.81967213114754,38,1575,EasyWeb / Publicsoft,all_itens
Serra Grande,Dfs,2019-12-11T02:53:50Z,61,55,3,1,0.9482758620689655,0.9821428571428571,0.9649122807017544,66,3969937,19171967,320,19,25.81967213114754,38,1575,EasyWeb / Publicsoft,all_itens
Serra Grande,Epsilon-greedy,2019-11-27T22:42:19Z,61,53,5,1,0.9137931034482759,0.9814814814814815,0.9464285714285714,121,7276370,9421518,157,17,21.39344262295082,35,1305,EasyWeb / Publicsoft,all_itens
Serra Grande,Epsilon-greedy,2019-11-29T06:09:16Z,61,56,3,1,0.9491525423728814,0.9824561403508771,0.9655172413793103,100,6029172,8303760,138,15,18.950819672131146,31,1156,EasyWeb / Publicsoft,all_itens
Serra Grande,Epsilon-greedy,2019-12-04T18:56:05Z,61,55,3,1,0.9482758620689655,0.9821428571428571,0.9649122807017544,87,5206419,11056566,184,19,22.295081967213115,32,1360,EasyWeb / Publicsoft,all_itens
Serraria,Bfs,2019-11-19T00:15:21Z,61,46,15,0,0.7540983606557377,1,0.8598130841121495,26,1573747,3602198,60,15,17.81967213114754,35,1087,Alfa Consultoria / Elmar Tecnologia,all_itens
Serraria,Bfs,2019-12-06T19:29:45Z,61,47,14,0,0.7704918032786885,1,0.8703703703703703,25,1513920,19903484,332,35,39.80327868852459,67,2428,Alfa Consultoria / Elmar Tecnologia,all_itens
Serraria,Bfs,2019-12-06T22:58:10Z,61,47,14,0,0.7704918032786885,1,0.8703703703703703,25,1502445,19927837,332,35,39.80327868852459,67,2428,Alfa Consultoria / Elmar Tecnologia,all_itens
Serraria,Bfs,2019-12-06T23:58:05Z,61,47,14,0,0.7704918032786885,1,0.8703703703703703,24,1462626,19837476,331,35,39.80327868852459,67,2428,Alfa Consultoria / Elmar Tecnologia,all_itens
Serraria,Dfs,2019-11-27T02:33:02Z,61,47,14,0,0.7704918032786885,1,0.8703703703703703,58,3475975,22815924,380,41,53.24590163934426,87,3248,Alfa Consultoria / Elmar Tecnologia,all_itens
Serraria,Dfs,2019-12-03T00:30:13Z,61,47,14,0,0.7704918032786885,1,0.8703703703703703,43,2606701,22298381,372,41,52.85245901639344,86,3224,Alfa Consultoria / Elmar Tecnologia,all_itens
Serraria,Dfs,2019-12-05T06:53:14Z,61,47,14,0,0.7704918032786885,1,0.8703703703703703,42,2531081,22230343,371,41,52.85245901639344,86,3224,Alfa Consultoria / Elmar Tecnologia,all_itens
Serraria,Epsilon-greedy,2019-11-19T05:50:33Z,61,46,15,0,0.7540983606557377,1,0.8598130841121495,27,1646891,8994695,150,15,20.049180327868854,39,1223,Alfa Consultoria / Elmar Tecnologia,all_itens
Serraria,Epsilon-greedy,2019-11-27T17:24:15Z,61,47,14,0,0.7704918032786885,1,0.8703703703703703,35,2091423,4871464,81,29,26.049180327868854,37,1589,Alfa Consultoria / Elmar Tecnologia,all_itens
Serraria,Epsilon-greedy,2019-12-04T06:27:44Z,61,47,14,0,0.7704918032786885,1,0.8703703703703703,24,1451136,18180311,303,35,43.98360655737705,74,2683,Alfa Consultoria / Elmar Tecnologia,all_itens
Umbuzeiro,Bfs,2019-11-09T23:01:07Z,61,45,6,5,0.8823529411764706,0.9,0.8910891089108911,8,465094,1788976,30,11,14.180327868852459,27,865,Info Public,all_itens
Umbuzeiro,Bfs,2019-11-28T06:53:49Z,61,43,6,7,0.8775510204081632,0.86,0.8686868686868686,3,154709,610347,10,12,13.426229508196721,24,819,Info Public,all_itens
Umbuzeiro,Bfs,2019-12-06T22:58:44Z,61,43,6,7,0.8775510204081632,0.86,0.8686868686868686,3,191205,690453,12,12,13.426229508196721,24,819,Info Public,all_itens
Umbuzeiro,Dfs,2019-11-13T03:48:34Z,61,45,6,5,0.8823529411764706,0.9,0.8910891089108911,8,499245,1788284,30,11,15.327868852459016,27,935,Info Public,all_itens
Umbuzeiro,Dfs,2019-12-03T01:30:56Z,61,41,8,7,0.8367346938775511,0.8541666666666666,0.845360824742268,3,168721,867650,14,12,15.114754098360656,25,922,Info Public,all_itens
Umbuzeiro,Dfs,2019-12-05T18:26:14Z,61,41,8,7,0.8367346938775511,0.8541666666666666,0.845360824742268,3,188840,923065,15,12,15.163934426229508,25,925,Info Public,all_itens
Umbuzeiro,Dfs,2019-12-11T08:13:24Z,61,41,8,7,0.8367346938775511,0.8541666666666666,0.845360824742268,3,173577,891183,15,12,15.163934426229508,25,925,Info Public,all_itens
Umbuzeiro,Epsilon-greedy,2019-11-11T14:33:51Z,61,45,6,5,0.8823529411764706,0.9,0.8910891089108911,8,495489,1781300,30,11,14.475409836065573,27,883,Info Public,all_itens
Umbuzeiro,Epsilon-greedy,2019-11-19T05:50:01Z,61,45,6,5,0.8823529411764706,0.9,0.8910891089108911,8,459599,1784066,30,11,14.688524590163935,27,896,Info Public,all_itens
Umbuzeiro,Epsilon-greedy,2019-12-04T06:16:48Z,61,41,8,7,0.8367346938775511,0.8541666666666666,0.845360824742268,3,185036,654108,11,12,14.032786885245901,24,856,Info Public,all_itens
